{
  "version": 1,
  "author": "Anonymous maker",
  "editor": "wokwi",
  "parts": [
    {
      "type": "wokwi-pi-pico",
      "id": "pico",
      "top": 0,
      "left": 0,
      "attrs": { "env": "micropython-20220117-v1.18" }
    },
    {
      "type": "wokwi-led",
      "id": "led1",
      "top": 24.95,
      "left": -195.31,
      "attrs": { "color": "red" }
    },
    {
      "type": "wokwi-resistor",
      "id": "r1",
      "top": -52.38,
      "left": -76.65,
      "attrs": { "value": "1000" }
    }
  ],
  "connections": [
    [ "led1:A", "pico:GP15", "green", [ "v128.41", "h172" ] ],
    [ "led1:C", "r1:1", "green", [ "v6.41", "h-48", "v-5.33", "h0", "v-124.67" ] ],
    [ "r1:2", "pico:GND.8", "green", [ "v-0.59", "h143.67", "v75.33", "h3.33" ] ]
  ]
}