{
  "version": 1,
  "author": "Anonymous maker",
  "editor": "wokwi",
  "parts": [
    {
      "type": "wokwi-pi-pico",
      "id": "pico",
      "top": -59.48,
      "left": -197.79,
      "attrs": { "env": "micropython-20220117-v1.18" }
    },
    { "type": "wokwi-servo", "id": "servo1", "top": -6.93, "left": -3.56, "attrs": {} }
  ],
  "connections": [
    [ "pico:VBUS", "servo1:V+", "green", [ "h60.98", "v102.74" ] ],
    [ "pico:3V3_EN", "servo1:PWM", "green", [ "h32.62", "v80.86" ] ],
    [ "pico:GND.4", "servo1:GND", "black", [ "h-41.22", "v61.95", "h212.32", "v-11.07" ] ]
  ]
}