{
  "version": 1,
  "author": "Anonymous maker",
  "editor": "wokwi",
  "parts": [
    {
      "type": "wokwi-pi-pico",
      "id": "pico",
      "top": 87.92,
      "left": 77.22,
      "attrs": { "env": "micropython-20220117-v1.18" }
    },
    { "type": "wokwi-slide-switch", "id": "sw1", "top": 244.77, "left": -141.28, "attrs": {} },
    { "type": "wokwi-7segment", "id": "sevseg1", "top": 70.45, "left": -125.99, "attrs": {} }
  ],
  "connections": [
    [ "sw1:1", "pico:3V3", "green", [ "v82.62", "h353.54", "v-222.48", "h-7.65" ] ],
    [ "sw1:2", "pico:GP11", "green", [ "v55.09", "h167.43", "v-97.1", "h4.59" ] ],
    [ "sw1:3", "pico:GND.3", "green", [ "v32.16", "h133.46", "v-94.04", "h0", "v0" ] ],
    [
      "sevseg1:G",
      "pico:GP7",
      "green",
      [ "v-9.49", "h-61.92", "v101.68", "h-0.76", "v21.41", "h249.24" ]
    ],
    [
      "sevseg1:F",
      "pico:GP8",
      "green",
      [ "v-17.13", "h-108.98", "v147.56", "h25.99", "v-8.41", "h250.77" ]
    ],
    [ "sevseg1:E", "pico:GP6", "green", [ "v0" ] ],
    [ "sevseg1:D", "pico:GP5", "green", [ "v0" ] ],
    [ "sevseg1:C", "pico:GP4", "green", [ "v0" ] ],
    [
      "sevseg1:COM.2",
      "pico:VSYS",
      "green",
      [ "h2.21", "v-85.94", "h289.76", "v-1.53", "h23.7", "v123.09" ]
    ],
    [ "sevseg1:A", "pico:GP2", "green", [ "v-57.84", "h114.31", "v0" ] ],
    [
      "sevseg1:B",
      "pico:GP3",
      "green",
      [ "v-40.72", "h82.45", "v98.45", "h11.13", "v10.27", "h5.99" ]
    ]
  ]
}