{
  "version": 1,
  "author": "Anonymous maker",
  "editor": "wokwi",
  "parts": [
    {
      "type": "wokwi-pi-pico",
      "id": "pico",
      "top": 9.33,
      "left": -195.33,
      "attrs": { "env": "micropython-20220117-v1.18" }
    },
    { "type": "wokwi-rgb-led", "id": "rgb1", "top": -92.7, "left": 4.02, "attrs": {} },
    {
      "type": "wokwi-resistor",
      "id": "r1",
      "top": 90.63,
      "left": -42.65,
      "attrs": { "value": "1000" }
    },
    {
      "type": "wokwi-resistor",
      "id": "r2",
      "top": 52.3,
      "left": -43.65,
      "attrs": { "value": "1000" }
    },
    {
      "type": "wokwi-resistor",
      "id": "r3",
      "top": 130.63,
      "left": -41.98,
      "attrs": { "value": "1000" }
    }
  ],
  "connections": [
    [ "pico:GP16", "r3:1", "green", [ "v1.79", "h57.68", "v0", "h2.67", "v-63.33" ] ],
    [ "r3:2", "rgb1:R", "green", [ "v0.08", "h127", "v-148", "h-20", "v13.33", "h-120" ] ],
    [ "rgb1:G", "r1:2", "green", [ "v92.41", "h92.27", "v51.33", "h-5.33" ] ],
    [ "rgb1:B", "r2:2", "green", [ "v109.41", "h36.3" ] ],
    [ "pico:GP18", "r1:1", "green", [ "h36.35", "v-73.41", "h0" ] ],
    [ "pico:GP21", "r2:1", "green", [ "h17.02", "v-81.94" ] ],
    [ "pico:3V3", "rgb1:COM", "green", [ "h12.87", "v-25.91", "h125.87", "v-8.99" ] ]
  ]
}